{

	"metadata": {
		"formatVersion" : 3.1,
		"generatedBy"   : "Blender 2.7 Exporter",
		"vertices"      : 8,
		"faces"         : 6,
		"normals"       : 8,
		"colors"        : 0,
		"uvs"           : [],
		"materials"     : 0,
		"morphTargets"  : 0,
		"bones"         : 0
	},

		"scale" : 1.000000,
		
		"vertices" : [7.84322,-7.84322,-7.84322,7.84322,-7.84322,7.84322,-7.84322,-7.84322,7.84322,-7.84322,-7.84322,-7.84322,7.84322,7.84322,-7.84322,7.84321,7.84322,7.84322,-7.84322,7.84322,7.84322,-7.84322,7.84322,-7.84322],
		"faces"    : [33,0,1,2,3,0,1,2,3,33,4,7,6,5,4,5,6,7,33,0,4,5,1,0,4,7,1,33,1,5,6,2,1,7,6,2,33,2,6,7,3,2,6,5,3,33,4,0,3,7,4,0,3,5],
		"uvs"      : [],
		"normals"  : [0.577349,-0.577349,-0.577349,0.577349,-0.577349,0.577349,-0.577349,-0.577349,0.577349,-0.577349,-0.577349,-0.577349,0.577349,0.577349,-0.577349,-0.577349,0.577349,-0.577349,-0.577349,0.577349,0.577349,0.577349,0.577349,0.577349],
		
		"skinIndices"  : [],
		"skinWeights"  : [],
		"morphTargets" : [],
		
		"bones"      : [],
		"animations" : [],
		
		"colors"    : [],
		"materials" : [

		]


}
